POINT_X,POINT_Y,PM25_INDDD,PM10_INDDD,NOx_INDDD,SO2_INDDD,CO_INDDD,VOC_INDDD
77.28,28.5,4.912250636,8.754871664,19.81,78.83,2.575265701,0.0
77.3,28.51,14.74,26.27,59.43,236.5,7.725797101,0.0
77.14,28.51,24.56,43.78,99.03,394.1,12.88,0.0
77.23,28.51,9.8262908,17.52,39.62,157.7,5.150531401,0.0
77.29,28.51,24.56,43.78,99.03,394.1,12.88,0.0
77.3,28.51,54.04,96.3,217.9,867.0,28.33,0.0
77.11,28.51,4.912250636,8.754871664,19.81,78.83,2.575265701,0.0
77.28,28.51,14.74,26.27,59.43,236.5,7.725797101,0.0
77.29,28.51,34.38,61.3,138.6,551.8,18.03,0.0
77.3,28.51,9.8262908,17.52,39.62,157.7,5.150531401,0.0
77.28,28.52,29.47,52.55,118.8,472.9,15.45,0.0
77.28,28.52,68.78,122.6,277.4,1103.0,36.06,0.0
77.29,28.52,63.86,113.8,257.6,1025.0,33.48,0.0
77.21,28.52,9.8262908,17.52,39.62,157.7,5.150531401,0.0
77.27,28.52,9.8262908,17.52,39.62,157.7,5.150531401,0.0
77.28,28.52,58.95,105.1,237.8,946.0,30.91,0.0
77.28,28.52,34.38,61.3,138.6,551.8,18.03,0.0
77.29,28.52,78.59,140.1,317.0,1261.0,41.21,0.0
77.29,28.52,4.912250636,8.754871664,19.81,78.83,2.575265701,0.0
77.14,28.53,9.8262908,17.52,39.62,157.7,5.150531401,0.0
77.22,28.53,4.912250636,8.754871664,19.81,78.83,2.575265701,0.0
77.27,28.53,24.56,43.78,99.03,394.1,12.88,0.0
77.28,28.53,93.33,166.4,376.4,1498.0,48.93,0.0
77.28,28.53,103.2,183.9,416.0,1655.0,54.08,0.0
77.29,28.53,9.8262908,17.52,39.62,157.7,5.150531401,0.0
77.29,28.53,9.8262908,17.52,39.62,157.7,5.150531401,0.0
77.27,28.53,9.8262908,17.52,39.62,157.7,5.150531401,0.0
77.27,28.53,24.56,43.78,99.03,394.1,12.88,0.0
77.28,28.53,49.12,87.55,198.1,788.3,25.75,0.0
77.29,28.53,9.8262908,17.52,39.62,157.7,5.150531401,0.0
77.27,28.53,19.65,35.03,79.24,315.3,10.3,0.0
77.27,28.53,14.74,26.27,59.43,236.5,7.725797101,0.0
77.28,28.53,29.47,52.55,118.8,472.9,15.45,0.0
77.28,28.53,9.8262908,17.52,39.62,157.7,5.150531401,0.0
77.29,28.53,4.912250636,8.754871664,19.81,78.83,2.575265701,0.0
77.24,28.54,4.912250636,8.754871664,19.81,78.83,2.575265701,0.0
77.27,28.54,29.47,52.55,118.8,472.9,15.45,0.0
77.28,28.54,24.56,43.78,99.03,394.1,12.88,0.0
77.29,28.54,14.74,26.27,59.43,236.5,7.725797101,0.0
77.26,28.54,9.8262908,17.52,39.62,157.7,5.150531401,0.0
77.28,28.54,4.912250636,8.754871664,19.81,78.83,2.575265701,0.0
77.25,28.55,9.8262908,17.52,39.62,157.7,5.150531401,0.0
77.25,28.55,9.8262908,17.52,39.62,157.7,5.150531401,0.0
77.27,28.55,19.65,35.03,79.24,315.3,10.3,0.0
77.27,28.55,19.65,35.03,79.24,315.3,10.3,0.0
77.27,28.55,4.912250636,8.754871664,19.81,78.83,2.575265701,0.0
77.13,28.55,14.74,26.27,59.43,236.5,7.725797101,0.0
77.25,28.55,14.74,26.27,59.43,236.5,7.725797101,0.0
77.27,28.55,113.0,201.4,455.6,1813.0,59.23,0.0
77.27,28.55,157.2,280.2,633.9,2523.0,82.41,0.0
77.27,28.55,63.86,113.8,257.6,1025.0,33.48,0.0
77.27,28.55,19.65,35.03,79.24,315.3,10.3,0.0
77.2,28.56,9.8262908,17.52,39.62,157.7,5.150531401,0.0
77.25,28.56,4.912250636,8.754871664,19.81,78.83,2.575265701,0.0
77.27,28.56,4.912250636,8.754871664,19.81,78.83,2.575265701,0.0
77.27,28.56,4.912250636,8.754871664,19.81,78.83,2.575265701,0.0
77.19,28.57,4.912250636,8.754871664,19.81,78.83,2.575265701,0.0
77.19,28.57,9.8262908,17.52,39.62,157.7,5.150531401,0.0
77.24,28.57,4.912250636,8.754871664,19.81,78.83,2.575265701,0.0
77.24,28.57,4.912250636,8.754871664,19.81,78.83,2.575265701,0.0
77.24,28.59,29.47,52.55,118.8,472.9,15.45,0.0
77.2,28.6,4.912250636,8.754871664,19.81,78.83,2.575265701,0.0
77.29,28.61,4.912250636,8.754871664,19.81,78.83,2.575265701,0.0
76.99,28.61,4.912250636,8.754871664,19.81,78.83,2.575265701,0.0
77.3,28.61,4.912250636,8.754871664,19.81,78.83,2.575265701,0.0
77.11,28.61,39.3,70.06,158.4,630.6,20.6,0.0
77.11,28.61,19.65,35.03,79.24,315.3,10.3,0.0
77.07,28.62,9.8262908,17.52,39.62,157.7,5.150531401,0.0
77.11,28.62,19.65,35.03,79.24,315.3,10.3,0.0
77.11,28.62,29.47,52.55,118.8,472.9,15.45,0.0
77.12,28.62,34.38,61.3,138.6,551.8,18.03,0.0
77.12,28.62,29.47,52.55,118.8,472.9,15.45,0.0
77.07,28.62,4.912250636,8.754871664,19.81,78.83,2.575265701,0.0
77.11,28.62,19.65,35.03,79.24,315.3,10.3,0.0
77.12,28.62,63.86,113.8,257.6,1025.0,33.48,0.0
77.12,28.62,83.51,148.9,336.8,1340.0,43.78,0.0
77.13,28.62,34.38,61.3,138.6,551.8,18.03,0.0
77.13,28.62,4.912250636,8.754871664,19.81,78.83,2.575265701,0.0
77.14,28.62,4.912250636,8.754871664,19.81,78.83,2.575265701,0.0
77.16,28.62,4.912250636,8.754871664,19.81,78.83,2.575265701,0.0
77.29,28.62,4.912250636,8.754871664,19.81,78.83,2.575265701,0.0
77.12,28.63,14.74,26.27,59.43,236.5,7.725797101,0.0
77.12,28.63,280.0,499.2,1129.0,4493.0,146.8,0.0
77.13,28.63,176.8,315.3,713.2,2838.0,92.73,0.0
77.13,28.63,9.8262908,17.52,39.62,157.7,5.150531401,0.0
77.22,28.63,4.912250636,8.754871664,19.81,78.83,2.575265701,0.0
77.12,28.63,14.74,26.27,59.43,236.5,7.725797101,0.0
77.13,28.63,245.6,437.8,990.3,3941.0,128.8,0.0
77.13,28.63,103.2,183.9,416.0,1655.0,54.08,0.0
77.13,28.63,172.0,306.5,693.4,2759.0,90.1,0.0
77.14,28.63,88.4,157.7,356.6,1419.0,46.36,0.0
77.21,28.63,4.912250636,8.754871664,19.81,78.83,2.575265701,0.0
77.22,28.63,4.912250636,8.754871664,19.81,78.83,2.575265701,0.0
77.24,28.63,9.8262908,17.52,39.62,157.7,5.150531401,0.0
77.24,28.63,4.912250636,8.754871664,19.81,78.83,2.575265701,0.0
77.13,28.63,58.95,105.1,237.8,946.0,30.91,0.0
77.13,28.63,14.74,26.27,59.43,236.5,7.725797101,0.0
77.13,28.63,83.51,148.9,336.8,1340.0,43.78,0.0
77.14,28.63,196.5,350.3,792.4,3153.0,103.0,0.0
77.14,28.63,9.8262908,17.52,39.62,157.7,5.150531401,0.0
77.22,28.63,24.56,43.78,99.03,394.1,12.88,0.0
77.22,28.63,9.8262908,17.52,39.62,157.7,5.150531401,0.0
77.23,28.63,14.74,26.27,59.43,236.5,7.725797101,0.0
77.14,28.64,34.38,61.3,138.6,551.8,18.03,0.0
77.31,28.64,68.78,122.6,277.4,1103.0,36.06,0.0
77.31,28.64,137.5,245.2,554.7,2207.0,72.1,0.0
77.31,28.64,34.38,61.3,138.6,551.8,18.03,0.0
77.01,28.64,9.8262908,17.52,39.62,157.7,5.150531401,0.0
77.15,28.64,152.2,271.5,614.1,2444.0,79.83,0.0
77.23,28.64,9.8262908,17.52,39.62,157.7,5.150531401,0.0
77.24,28.64,4.912250636,8.754871664,19.81,78.83,2.575265701,0.0
77.31,28.64,4.912250636,8.754871664,19.81,78.83,2.575265701,0.0
77.14,28.65,29.47,52.55,118.8,472.9,15.45,0.0
77.15,28.65,83.51,148.9,336.8,1340.0,43.78,0.0
77.17,28.65,24.56,43.78,99.03,394.1,12.88,0.0
77.19,28.65,4.912250636,8.754871664,19.81,78.83,2.575265701,0.0
77.2,28.65,9.8262908,17.52,39.62,157.7,5.150531401,0.0
77.21,28.65,29.47,52.55,118.8,472.9,15.45,0.0
77.22,28.65,4.912250636,8.754871664,19.81,78.83,2.575265701,0.0
77.14,28.65,34.38,61.3,138.6,551.8,18.03,0.0
77.15,28.65,73.68,131.3,297.2,1182.0,38.63,0.0
77.15,28.65,4.912250636,8.754871664,19.81,78.83,2.575265701,0.0
77.16,28.65,4.912250636,8.754871664,19.81,78.83,2.575265701,0.0
77.16,28.65,4.912250636,8.754871664,19.81,78.83,2.575265701,0.0
77.23,28.65,4.912250636,8.754871664,19.81,78.83,2.575265701,0.0
77.23,28.65,4.912250636,8.754871664,19.81,78.83,2.575265701,0.0
77.09,28.65,19.65,35.03,79.24,315.3,10.3,0.0
77.12,28.65,9.8262908,17.52,39.62,157.7,5.150531401,0.0
77.14,28.65,4.912250636,8.754871664,19.81,78.83,2.575265701,0.0
77.15,28.65,63.86,113.8,257.6,1025.0,33.48,0.0
77.15,28.65,9.8262908,17.52,39.62,157.7,5.150531401,0.0
77.21,28.65,4.912250636,8.754871664,19.81,78.83,2.575265701,0.0
77.14,28.66,4.912250636,8.754871664,19.81,78.83,2.575265701,0.0
77.15,28.66,9.8262908,17.52,39.62,157.7,5.150531401,0.0
77.15,28.66,14.74,26.27,59.43,236.5,7.725797101,0.0
77.15,28.66,4.912250636,8.754871664,19.81,78.83,2.575265701,0.0
77.17,28.66,29.47,52.55,118.8,472.9,15.45,0.0
77.17,28.66,162.1,289.0,653.8,2601.0,84.98,0.0
77.18,28.66,58.95,105.1,237.8,946.0,30.91,0.0
77.21,28.66,4.912250636,8.754871664,19.81,78.83,2.575265701,0.0
77.12,28.66,4.912250636,8.754871664,19.81,78.83,2.575265701,0.0
77.15,28.66,34.38,61.3,138.6,551.8,18.03,0.0
77.15,28.66,24.56,43.78,99.03,394.1,12.88,0.0
77.16,28.66,29.47,52.55,118.8,472.9,15.45,0.0
77.17,28.66,34.38,61.3,138.6,551.8,18.03,0.0
77.17,28.66,756.5,1349.0,3051.0,12140.0,396.6,0.0
77.18,28.66,923.1,1646.0,3724.0,14820.0,484.2,0.0
77.18,28.66,44.21,78.82,178.3,709.4,23.18,0.0
77.2,28.66,9.8262908,17.52,39.62,157.7,5.150531401,0.0
77.23,28.66,4.912250636,8.754871664,19.81,78.83,2.575265701,0.0
77.12,28.67,9.8262908,17.52,39.62,157.7,5.150531401,0.0
77.15,28.67,4.912250636,8.754871664,19.81,78.83,2.575265701,0.0
77.16,28.67,34.38,61.3,138.6,551.8,18.03,0.0
77.16,28.67,4.912250636,8.754871664,19.81,78.83,2.575265701,0.0
77.17,28.67,4.912250636,8.754871664,19.81,78.83,2.575265701,0.0
77.13,28.67,9.8262908,17.52,39.62,157.7,5.150531401,0.0
77.14,28.67,4.912250636,8.754871664,19.81,78.83,2.575265701,0.0
77.15,28.67,4.912250636,8.754871664,19.81,78.83,2.575265701,0.0
77.17,28.67,117.9,210.2,475.4,1892.0,61.8,0.0
77.17,28.67,4.912250636,8.754871664,19.81,78.83,2.575265701,0.0
77.17,28.67,4.912250636,8.754871664,19.81,78.83,2.575265701,0.0
77.31,28.67,4.912250636,8.754871664,19.81,78.83,2.575265701,0.0
77.12,28.67,4.912250636,8.754871664,19.81,78.83,2.575265701,0.0
77.3,28.67,24.56,43.78,99.03,394.1,12.88,0.0
77.3,28.67,24.56,43.78,99.03,394.1,12.88,0.0
77.31,28.67,14.74,26.27,59.43,236.5,7.725797101,0.0
77.31,28.67,117.9,210.2,475.4,1892.0,61.8,0.0
77.31,28.67,122.8,219.0,495.2,1970.0,64.38,0.0
77.32,28.67,167.0,297.8,673.6,2680.0,87.55,0.0
77.32,28.67,9.8262908,17.52,39.62,157.7,5.150531401,0.0
77.03,28.68,4.912250636,8.754871664,19.81,78.83,2.575265701,0.0
77.03,28.68,4.912250636,8.754871664,19.81,78.83,2.575265701,0.0
77.14,28.68,4.912250636,8.754871664,19.81,78.83,2.575265701,0.0
77.15,28.68,108.0,192.7,435.8,1734.0,56.65,0.0
77.15,28.68,63.86,113.8,257.6,1025.0,33.48,0.0
77.15,28.68,14.74,26.27,59.43,236.5,7.725797101,0.0
77.16,28.68,4.912250636,8.754871664,19.81,78.83,2.575265701,0.0
77.2,28.68,4.912250636,8.754871664,19.81,78.83,2.575265701,0.0
77.2,28.68,14.74,26.27,59.43,236.5,7.725797101,0.0
77.21,28.68,4.912250636,8.754871664,19.81,78.83,2.575265701,0.0
77.29,28.68,4.912250636,8.754871664,19.81,78.83,2.575265701,0.0
77.32,28.68,4.912250636,8.754871664,19.81,78.83,2.575265701,0.0
77.04,28.68,19.65,35.03,79.24,315.3,10.3,0.0
77.05,28.68,9.8262908,17.52,39.62,157.7,5.150531401,0.0
77.09,28.68,4.912250636,8.754871664,19.81,78.83,2.575265701,0.0
77.1,28.68,14.74,26.27,59.43,236.5,7.725797101,0.0
77.15,28.68,44.21,78.82,178.3,709.4,23.18,0.0
77.15,28.68,113.0,201.4,455.6,1813.0,59.23,0.0
77.15,28.68,103.2,183.9,416.0,1655.0,54.08,0.0
77.16,28.68,44.21,78.82,178.3,709.4,23.18,0.0
77.29,28.68,9.8262908,17.52,39.62,157.7,5.150531401,0.0
77.03,28.69,4.912250636,8.754871664,19.81,78.83,2.575265701,0.0
77.04,28.69,14.74,26.27,59.43,236.5,7.725797101,0.0
77.06,28.69,19.65,35.03,79.24,315.3,10.3,0.0
77.09,28.69,29.47,52.55,118.8,472.9,15.45,0.0
77.09,28.69,44.21,78.82,178.3,709.4,23.18,0.0
77.09,28.69,24.56,43.78,99.03,394.1,12.88,0.0
77.1,28.69,98.26,175.2,396.2,1577.0,51.5,0.0
77.1,28.69,83.51,148.9,336.8,1340.0,43.78,0.0
77.28,28.69,9.8262908,17.52,39.62,157.7,5.150531401,0.0
77.06,28.69,9.8262908,17.52,39.62,157.7,5.150531401,0.0
77.08,28.69,9.8262908,17.52,39.62,157.7,5.150531401,0.0
77.08,28.69,4.912250636,8.754871664,19.81,78.83,2.575265701,0.0
77.09,28.69,4.912250636,8.754871664,19.81,78.83,2.575265701,0.0
77.1,28.69,34.38,61.3,138.6,551.8,18.03,0.0
77.13,28.69,9.8262908,17.52,39.62,157.7,5.150531401,0.0
77.33,28.69,4.912250636,8.754871664,19.81,78.83,2.575265701,0.0
77.09,28.69,9.8262908,17.52,39.62,157.7,5.150531401,0.0
77.09,28.69,14.74,26.27,59.43,236.5,7.725797101,0.0
77.1,28.69,4.912250636,8.754871664,19.81,78.83,2.575265701,0.0
77.1,28.69,9.8262908,17.52,39.62,157.7,5.150531401,0.0
77.16,28.69,9.8262908,17.52,39.62,157.7,5.150531401,0.0
77.16,28.69,4.912250636,8.754871664,19.81,78.83,2.575265701,0.0
77.17,28.69,4.912250636,8.754871664,19.81,78.83,2.575265701,0.0
77.18,28.69,9.8262908,17.52,39.62,157.7,5.150531401,0.0
77.19,28.69,34.38,61.3,138.6,551.8,18.03,0.0
77.08,28.7,4.912250636,8.754871664,19.81,78.83,2.575265701,0.0
77.09,28.7,9.8262908,17.52,39.62,157.7,5.150531401,0.0
77.16,28.7,83.51,148.9,336.8,1340.0,43.78,0.0
77.16,28.7,206.3,367.8,832.0,3311.0,108.1,0.0
77.17,28.7,284.9,508.0,1149.0,4572.0,149.3,0.0
77.17,28.7,34.38,61.3,138.6,551.8,18.03,0.0
77.19,28.7,4.912250636,8.754871664,19.81,78.83,2.575265701,0.0
77.21,28.7,4.912250636,8.754871664,19.81,78.83,2.575265701,0.0
77.32,28.7,24.56,43.78,99.03,394.1,12.88,0.0
77.13,28.7,14.74,26.27,59.43,236.5,7.725797101,0.0
77.16,28.7,34.38,61.3,138.6,551.8,18.03,0.0
77.17,28.7,58.95,105.1,237.8,946.0,30.91,0.0
77.17,28.7,88.4,157.7,356.6,1419.0,46.36,0.0
77.17,28.7,73.68,131.3,297.2,1182.0,38.63,0.0
77.18,28.7,24.56,43.78,99.03,394.1,12.88,0.0
77.17,28.71,19.65,35.03,79.24,315.3,10.3,0.0
77.17,28.71,4.912250636,8.754871664,19.81,78.83,2.575265701,0.0
77.17,28.71,9.8262908,17.52,39.62,157.7,5.150531401,0.0
77.17,28.71,4.912250636,8.754871664,19.81,78.83,2.575265701,0.0
77.1,28.72,9.8262908,17.52,39.62,157.7,5.150531401,0.0
77.16,28.72,58.95,105.1,237.8,946.0,30.91,0.0
77.0,28.73,4.912250636,8.754871664,19.81,78.83,2.575265701,0.0
77.16,28.73,44.21,78.82,178.3,709.4,23.18,0.0
77.16,28.73,39.3,70.06,158.4,630.6,20.6,0.0
77.16,28.73,39.3,70.06,158.4,630.6,20.6,0.0
77.25,28.73,4.912250636,8.754871664,19.81,78.83,2.575265701,0.0
77.13,28.75,363.5,648.0,1466.0,5834.0,190.6,0.0
77.13,28.75,270.1,481.7,1090.0,4336.0,141.6,0.0
77.05,28.78,4.912250636,8.754871664,19.81,78.83,2.575265701,0.0
77.05,28.78,4.912250636,8.754871664,19.81,78.83,2.575265701,0.0
77.06,28.78,4.912250636,8.754871664,19.81,78.83,2.575265701,0.0
77.05,28.78,9.8262908,17.52,39.62,157.7,5.150531401,0.0
77.05,28.78,19.65,35.03,79.24,315.3,10.3,0.0
77.05,28.78,24.56,43.78,99.03,394.1,12.88,0.0
77.06,28.78,14.74,26.27,59.43,236.5,7.725797101,0.0
77.04,28.79,4.912250636,8.754871664,19.81,78.83,2.575265701,0.0
77.05,28.79,29.47,52.55,118.8,472.9,15.45,0.0
77.05,28.79,9.8262908,17.52,39.62,157.7,5.150531401,0.0
77.05,28.79,34.38,61.3,138.6,551.8,18.03,0.0
77.06,28.79,4.912250636,8.754871664,19.81,78.83,2.575265701,0.0
77.04,28.79,14.74,26.27,59.43,236.5,7.725797101,0.0
77.05,28.79,14.74,26.27,59.43,236.5,7.725797101,0.0
77.05,28.79,19.65,35.03,79.24,315.3,10.3,0.0
77.05,28.79,19.65,35.03,79.24,315.3,10.3,0.0
77.06,28.79,4.912250636,8.754871664,19.81,78.83,2.575265701,0.0
77.06,28.79,9.8262908,17.52,39.62,157.7,5.150531401,0.0
77.04,28.79,9.8262908,17.52,39.62,157.7,5.150531401,0.0
77.05,28.79,4.912250636,8.754871664,19.81,78.83,2.575265701,0.0
77.05,28.79,14.74,26.27,59.43,236.5,7.725797101,0.0
77.05,28.79,9.8262908,17.52,39.62,157.7,5.150531401,0.0
77.06,28.79,4.912250636,8.754871664,19.81,78.83,2.575265701,0.0
77.05,28.8,14.74,26.27,59.43,236.5,7.725797101,0.0
77.05,28.8,4.912250636,8.754871664,19.81,78.83,2.575265701,0.0
77.05,28.8,24.56,43.78,99.03,394.1,12.88,0.0
77.08,28.8,9.8262908,17.52,39.62,157.7,5.150531401,0.0
77.08,28.8,19.65,35.03,79.24,315.3,10.3,0.0
77.05,28.8,9.8262908,17.52,39.62,157.7,5.150531401,0.0
77.07,28.8,4.912250636,8.754871664,19.81,78.83,2.575265701,0.0
77.08,28.8,14.74,26.27,59.43,236.5,7.725797101,0.0
77.08,28.81,4.912250636,8.754871664,19.81,78.83,2.575265701,0.0
77.11,28.82,14.74,26.27,59.43,236.5,7.725797101,0.0
77.11,28.82,4.912250636,8.754871664,19.81,78.83,2.575265701,0.0
77.11,28.83,14.74,26.27,59.43,236.5,7.725797101,0.0
77.1,28.83,19.65,35.03,79.24,315.3,10.3,0.0
77.1,28.83,9.8262908,17.52,39.62,157.7,5.150531401,0.0
77.11,28.83,4.912250636,8.754871664,19.81,78.83,2.575265701,0.0
77.1,28.83,4.912250636,8.754871664,19.81,78.83,2.575265701,0.0
77.31,28.31,9.794305349,18.24,42.49,168.6,4.666135976,0.0
77.31,28.31,4.896964872,9.114264577,21.24,84.25,2.333067988,0.0
77.31,28.31,9.794305349,18.24,42.49,168.6,4.666135976,0.0
77.3,28.31,14.69,27.35,63.73,252.8,6.999203964,0.0
77.31,28.31,4.896964872,9.114264577,21.24,84.25,2.333067988,0.0
77.31,28.31,4.896964872,9.114264577,21.24,84.25,2.333067988,0.0
77.3,28.32,9.794305349,18.24,42.49,168.6,4.666135976,0.0
77.3,28.32,9.794305349,18.24,42.49,168.6,4.666135976,0.0
77.31,28.32,19.59,36.47,85.01,337.1,9.332476832,0.0
77.31,28.32,9.794305349,18.24,42.49,168.6,4.666135976,0.0
77.31,28.33,29.38,54.7,127.4,505.7,13.99,0.0
77.31,28.33,9.794305349,18.24,42.49,168.6,4.666135976,0.0
77.33,28.33,4.896964872,9.114264577,21.24,84.25,2.333067988,0.0
77.31,28.33,24.49,45.58,106.2,421.4,11.67,0.0
77.33,28.33,4.896964872,9.114264577,21.24,84.25,2.333067988,0.0
76.91,28.33,4.896964872,9.114264577,21.24,84.25,2.333067988,0.0
77.3,28.33,9.794305349,18.24,42.49,168.6,4.666135976,0.0
77.33,28.33,9.794305349,18.24,42.49,168.6,4.666135976,0.0
77.3,28.34,14.69,27.35,63.73,252.8,6.999203964,0.0
77.31,28.34,14.69,27.35,63.73,252.8,6.999203964,0.0
77.31,28.34,4.896964872,9.114264577,21.24,84.25,2.333067988,0.0
77.33,28.34,4.896964872,9.114264577,21.24,84.25,2.333067988,0.0
77.31,28.34,9.794305349,18.24,42.49,168.6,4.666135976,0.0
77.32,28.34,4.896964872,9.114264577,21.24,84.25,2.333067988,0.0
77.3,28.35,14.69,27.35,63.73,252.8,6.999203964,0.0
77.31,28.35,4.896964872,9.114264577,21.24,84.25,2.333067988,0.0
77.31,28.35,4.896964872,9.114264577,21.24,84.25,2.333067988,0.0
77.3,28.35,14.69,27.35,63.73,252.8,6.999203964,0.0
77.31,28.35,29.38,54.7,127.4,505.7,13.99,0.0
77.31,28.35,9.794305349,18.24,42.49,168.6,4.666135976,0.0
77.32,28.35,14.69,27.35,63.73,252.8,6.999203964,0.0
77.21,28.35,4.896964872,9.114264577,21.24,84.25,2.333067988,0.0
77.3,28.35,19.59,36.47,85.01,337.1,9.332476832,0.0
77.31,28.35,4.896964872,9.114264577,21.24,84.25,2.333067988,0.0
77.31,28.35,29.38,54.7,127.4,505.7,13.99,0.0
77.32,28.35,4.896964872,9.114264577,21.24,84.25,2.333067988,0.0
77.32,28.35,53.87,100.3,233.7,927.4,25.66,0.0
77.33,28.35,9.794305349,18.24,42.49,168.6,4.666135976,0.0
76.93,28.36,4.896964872,9.114264577,21.24,84.25,2.333067988,0.0
77.3,28.36,4.896964872,9.114264577,21.24,84.25,2.333067988,0.0
77.31,28.36,39.18,72.93,169.9,674.3,18.66,0.0
77.31,28.36,9.794305349,18.24,42.49,168.6,4.666135976,0.0
77.31,28.36,4.896964872,9.114264577,21.24,84.25,2.333067988,0.0
77.32,28.36,9.794305349,18.24,42.49,168.6,4.666135976,0.0
77.32,28.36,19.59,36.47,85.01,337.1,9.332476832,0.0
76.89,28.36,9.794305349,18.24,42.49,168.6,4.666135976,0.0
76.91,28.36,9.794305349,18.24,42.49,168.6,4.666135976,0.0
76.91,28.36,9.794305349,18.24,42.49,168.6,4.666135976,0.0
76.91,28.36,24.49,45.58,106.2,421.4,11.67,0.0
76.92,28.36,4.896964872,9.114264577,21.24,84.25,2.333067988,0.0
76.92,28.36,19.59,36.47,85.01,337.1,9.332476832,0.0
76.93,28.36,9.794305349,18.24,42.49,168.6,4.666135976,0.0
76.93,28.36,9.794305349,18.24,42.49,168.6,4.666135976,0.0
77.29,28.36,9.794305349,18.24,42.49,168.6,4.666135976,0.0
77.29,28.36,4.896964872,9.114264577,21.24,84.25,2.333067988,0.0
77.3,28.36,19.59,36.47,85.01,337.1,9.332476832,0.0
77.31,28.36,24.49,45.58,106.2,421.4,11.67,0.0
77.32,28.36,19.59,36.47,85.01,337.1,9.332476832,0.0
76.91,28.37,9.794305349,18.24,42.49,168.6,4.666135976,0.0
76.92,28.37,4.896964872,9.114264577,21.24,84.25,2.333067988,0.0
76.93,28.37,4.896964872,9.114264577,21.24,84.25,2.333067988,0.0
76.93,28.37,9.794305349,18.24,42.49,168.6,4.666135976,0.0
77.3,28.37,14.69,27.35,63.73,252.8,6.999203964,0.0
77.3,28.37,29.38,54.7,127.4,505.7,13.99,0.0
77.32,28.37,14.69,27.35,63.73,252.8,6.999203964,0.0
77.32,28.37,29.38,54.7,127.4,505.7,13.99,0.0
76.89,28.37,4.896964872,9.114264577,21.24,84.25,2.333067988,0.0
76.9,28.37,9.794305349,18.24,42.49,168.6,4.666135976,0.0
76.92,28.37,4.896964872,9.114264577,21.24,84.25,2.333067988,0.0
77.29,28.37,9.794305349,18.24,42.49,168.6,4.666135976,0.0
77.3,28.37,39.18,72.93,169.9,674.3,18.66,0.0
77.3,28.37,4.896964872,9.114264577,21.24,84.25,2.333067988,0.0
77.31,28.37,9.794305349,18.24,42.49,168.6,4.666135976,0.0
77.31,28.37,9.794305349,18.24,42.49,168.6,4.666135976,0.0
77.32,28.37,4.896964872,9.114264577,21.24,84.25,2.333067988,0.0
76.91,28.37,19.59,36.47,85.01,337.1,9.332476832,0.0
76.92,28.37,4.896964872,9.114264577,21.24,84.25,2.333067988,0.0
76.93,28.37,4.896964872,9.114264577,21.24,84.25,2.333067988,0.0
76.95,28.37,4.896964872,9.114264577,21.24,84.25,2.333067988,0.0
76.96,28.37,4.896964872,9.114264577,21.24,84.25,2.333067988,0.0
77.29,28.37,39.18,72.93,169.9,674.3,18.66,0.0
77.29,28.37,29.38,54.7,127.4,505.7,13.99,0.0
77.3,28.37,4.896964872,9.114264577,21.24,84.25,2.333067988,0.0
77.3,28.37,9.794305349,18.24,42.49,168.6,4.666135976,0.0
77.31,28.37,9.794305349,18.24,42.49,168.6,4.666135976,0.0
77.33,28.37,9.794305349,18.24,42.49,168.6,4.666135976,0.0
76.89,28.38,24.49,45.58,106.2,421.4,11.67,0.0
76.9,28.38,4.896964872,9.114264577,21.24,84.25,2.333067988,0.0
76.92,28.38,14.69,27.35,63.73,252.8,6.999203964,0.0
77.3,28.38,24.49,45.58,106.2,421.4,11.67,0.0
77.31,28.38,14.69,27.35,63.73,252.8,6.999203964,0.0
77.31,28.38,4.896964872,9.114264577,21.24,84.25,2.333067988,0.0
77.31,28.38,14.69,27.35,63.73,252.8,6.999203964,0.0
77.3,28.38,4.896964872,9.114264577,21.24,84.25,2.333067988,0.0
77.3,28.38,29.38,54.7,127.4,505.7,13.99,0.0
77.31,28.38,14.69,27.35,63.73,252.8,6.999203964,0.0
77.32,28.38,4.896964872,9.114264577,21.24,84.25,2.333067988,0.0
77.32,28.38,24.49,45.58,106.2,421.4,11.67,0.0
77.28,28.39,9.794305349,18.24,42.49,168.6,4.666135976,0.0
77.31,28.39,4.896964872,9.114264577,21.24,84.25,2.333067988,0.0
77.33,28.39,4.896964872,9.114264577,21.24,84.25,2.333067988,0.0
77.3,28.39,9.794305349,18.24,42.49,168.6,4.666135976,0.0
77.31,28.39,4.896964872,9.114264577,21.24,84.25,2.333067988,0.0
77.32,28.39,4.896964872,9.114264577,21.24,84.25,2.333067988,0.0
76.98,28.39,4.896964872,9.114264577,21.24,84.25,2.333067988,0.0
77.3,28.39,4.896964872,9.114264577,21.24,84.25,2.333067988,0.0
77.31,28.4,4.896964872,9.114264577,21.24,84.25,2.333067988,0.0
77.33,28.4,4.896964872,9.114264577,21.24,84.25,2.333067988,0.0
77.33,28.4,4.896964872,9.114264577,21.24,84.25,2.333067988,0.0
77.32,28.41,4.896964872,9.114264577,21.24,84.25,2.333067988,0.0
77.32,28.41,9.794305349,18.24,42.49,168.6,4.666135976,0.0
77.32,28.41,14.69,27.35,63.73,252.8,6.999203964,0.0
77.0,28.41,9.794305349,18.24,42.49,168.6,4.666135976,0.0
77.0,28.42,9.794305349,18.24,42.49,168.6,4.666135976,0.0
76.9,28.42,4.896964872,9.114264577,21.24,84.25,2.333067988,0.0
77.31,28.42,9.794305349,18.24,42.49,168.6,4.666135976,0.0
77.32,28.42,4.896964872,9.114264577,21.24,84.25,2.333067988,0.0
76.89,28.43,9.794305349,18.24,42.49,168.6,4.666135976,0.0
77.0,28.43,4.896964872,9.114264577,21.24,84.25,2.333067988,0.0
77.02,28.43,4.896964872,9.114264577,21.24,84.25,2.333067988,0.0
77.29,28.43,9.794305349,18.24,42.49,168.6,4.666135976,0.0
77.31,28.43,9.794305349,18.24,42.49,168.6,4.666135976,0.0
77.31,28.43,9.794305349,18.24,42.49,168.6,4.666135976,0.0
77.32,28.43,4.896964872,9.114264577,21.24,84.25,2.333067988,0.0
77.33,28.43,9.794305349,18.24,42.49,168.6,4.666135976,0.0
76.95,28.43,9.794305349,18.24,42.49,168.6,4.666135976,0.0
76.99,28.43,4.896964872,9.114264577,21.24,84.25,2.333067988,0.0
77.0,28.43,9.794305349,18.24,42.49,168.6,4.666135976,0.0
77.31,28.43,9.794305349,18.24,42.49,168.6,4.666135976,0.0
77.31,28.43,4.896964872,9.114264577,21.24,84.25,2.333067988,0.0
77.54,28.43,4.896964872,9.114264577,21.24,84.25,2.333067988,0.0
76.99,28.43,9.794305349,18.24,42.49,168.6,4.666135976,0.0
77.0,28.43,68.56,127.6,297.4,1180.0,32.66,0.0
77.0,28.43,14.69,27.35,63.73,252.8,6.999203964,0.0
77.31,28.43,19.59,36.47,85.01,337.1,9.332476832,0.0
77.31,28.43,9.794305349,18.24,42.49,168.6,4.666135976,0.0
77.0,28.44,39.18,72.93,169.9,674.3,18.66,0.0
77.0,28.44,48.97,91.14,212.4,842.5,23.33,0.0
77.01,28.44,14.69,27.35,63.73,252.8,6.999203964,0.0
77.31,28.44,9.794305349,18.24,42.49,168.6,4.666135976,0.0
77.31,28.44,19.59,36.47,85.01,337.1,9.332476832,0.0
77.0,28.44,4.896964872,9.114264577,21.24,84.25,2.333067988,0.0
77.05,28.44,14.69,27.35,63.73,252.8,6.999203964,0.0
77.31,28.44,14.69,27.35,63.73,252.8,6.999203964,0.0
76.99,28.45,9.794305349,18.24,42.49,168.6,4.666135976,0.0
77.03,28.45,9.794305349,18.24,42.49,168.6,4.666135976,0.0
77.04,28.45,4.896964872,9.114264577,21.24,84.25,2.333067988,0.0
77.31,28.45,19.59,36.47,85.01,337.1,9.332476832,0.0
77.31,28.45,9.794305349,18.24,42.49,168.6,4.666135976,0.0
77.53,28.45,9.794305349,18.24,42.49,168.6,4.666135976,0.0
77.02,28.45,4.896964872,9.114264577,21.24,84.25,2.333067988,0.0
77.03,28.45,4.896964872,9.114264577,21.24,84.25,2.333067988,0.0
77.05,28.45,9.794305349,18.24,42.49,168.6,4.666135976,0.0
77.3,28.45,14.69,27.35,63.73,252.8,6.999203964,0.0
77.31,28.45,19.59,36.47,85.01,337.1,9.332476832,0.0
77.31,28.45,14.69,27.35,63.73,252.8,6.999203964,0.0
77.31,28.45,4.896964872,9.114264577,21.24,84.25,2.333067988,0.0
76.99,28.45,4.896964872,9.114264577,21.24,84.25,2.333067988,0.0
77.01,28.45,9.794305349,18.24,42.49,168.6,4.666135976,0.0
77.01,28.45,9.794305349,18.24,42.49,168.6,4.666135976,0.0
77.07,28.45,19.59,36.47,85.01,337.1,9.332476832,0.0
77.31,28.45,24.49,45.58,106.2,421.4,11.67,0.0
77.31,28.45,24.49,45.58,106.2,421.4,11.67,0.0
77.53,28.45,9.794305349,18.24,42.49,168.6,4.666135976,0.0
76.99,28.46,9.794305349,18.24,42.49,168.6,4.666135976,0.0
77.03,28.46,14.69,27.35,63.73,252.8,6.999203964,0.0
77.03,28.46,4.896964872,9.114264577,21.24,84.25,2.333067988,0.0
77.05,28.46,14.69,27.35,63.73,252.8,6.999203964,0.0
77.31,28.46,34.28,63.82,148.7,589.9,16.33,0.0
77.31,28.46,4.896964872,9.114264577,21.24,84.25,2.333067988,0.0
77.31,28.46,4.896964872,9.114264577,21.24,84.25,2.333067988,0.0
77.53,28.46,4.896964872,9.114264577,21.24,84.25,2.333067988,0.0
77.05,28.46,14.69,27.35,63.73,252.8,6.999203964,0.0
77.3,28.46,19.59,36.47,85.01,337.1,9.332476832,0.0
77.31,28.46,19.59,36.47,85.01,337.1,9.332476832,0.0
77.31,28.46,9.794305349,18.24,42.49,168.6,4.666135976,0.0
77.03,28.47,4.896964872,9.114264577,21.24,84.25,2.333067988,0.0
77.31,28.47,39.18,72.93,169.9,674.3,18.66,0.0
77.04,28.47,4.896964872,9.114264577,21.24,84.25,2.333067988,0.0
77.05,28.47,4.896964872,9.114264577,21.24,84.25,2.333067988,0.0
77.1,28.47,4.896964872,9.114264577,21.24,84.25,2.333067988,0.0
77.31,28.47,9.794305349,18.24,42.49,168.6,4.666135976,0.0
77.31,28.47,9.794305349,18.24,42.49,168.6,4.666135976,0.0
77.03,28.47,4.896964872,9.114264577,21.24,84.25,2.333067988,0.0
77.04,28.47,4.896964872,9.114264577,21.24,84.25,2.333067988,0.0
77.04,28.47,4.896964872,9.114264577,21.24,84.25,2.333067988,0.0
77.06,28.47,4.896964872,9.114264577,21.24,84.25,2.333067988,0.0
77.3,28.47,34.28,63.82,148.7,589.9,16.33,0.0
77.31,28.47,4.896964872,9.114264577,21.24,84.25,2.333067988,0.0
77.31,28.47,4.896964872,9.114264577,21.24,84.25,2.333067988,0.0
77.31,28.47,14.69,27.35,63.73,252.8,6.999203964,0.0
77.05,28.48,4.896964872,9.114264577,21.24,84.25,2.333067988,0.0
77.09,28.48,4.896964872,9.114264577,21.24,84.25,2.333067988,0.0
77.3,28.48,4.896964872,9.114264577,21.24,84.25,2.333067988,0.0
77.3,28.48,4.896964872,9.114264577,21.24,84.25,2.333067988,0.0
77.31,28.48,19.59,36.47,85.01,337.1,9.332476832,0.0
77.31,28.48,4.896964872,9.114264577,21.24,84.25,2.333067988,0.0
77.07,28.48,19.59,36.47,85.01,337.1,9.332476832,0.0
77.07,28.48,4.896964872,9.114264577,21.24,84.25,2.333067988,0.0
77.1,28.48,4.896964872,9.114264577,21.24,84.25,2.333067988,0.0
77.5,28.48,4.896964872,9.114264577,21.24,84.25,2.333067988,0.0
77.01,28.49,19.59,36.47,85.01,337.1,9.332476832,0.0
77.07,28.49,19.59,36.47,85.01,337.1,9.332476832,0.0
77.31,28.49,24.49,45.58,106.2,421.4,11.67,0.0
77.0,28.49,44.07,82.05,191.2,758.5,21.0,0.0
77.06,28.49,19.59,36.47,85.01,337.1,9.332476832,0.0
77.06,28.49,9.794305349,18.24,42.49,168.6,4.666135976,0.0
77.07,28.49,14.69,27.35,63.73,252.8,6.999203964,0.0
77.07,28.49,9.794305349,18.24,42.49,168.6,4.666135976,0.0
77.07,28.49,4.896964872,9.114264577,21.24,84.25,2.333067988,0.0
77.08,28.49,14.69,27.35,63.73,252.8,6.999203964,0.0
77.09,28.49,4.896964872,9.114264577,21.24,84.25,2.333067988,0.0
77.49,28.49,9.794305349,18.24,42.49,168.6,4.666135976,0.0
77.49,28.49,4.896964872,9.114264577,21.24,84.25,2.333067988,0.0
77.51,28.49,4.896964872,9.114264577,21.24,84.25,2.333067988,0.0
77.07,28.49,9.794305349,18.24,42.49,168.6,4.666135976,0.0
77.08,28.49,9.794305349,18.24,42.49,168.6,4.666135976,0.0
77.08,28.49,14.69,27.35,63.73,252.8,6.999203964,0.0
77.09,28.49,39.18,72.93,169.9,674.3,18.66,0.0
77.48,28.49,9.794305349,18.24,42.49,168.6,4.666135976,0.0
77.49,28.49,4.896964872,9.114264577,21.24,84.25,2.333067988,0.0
77.49,28.49,34.28,63.82,148.7,589.9,16.33,0.0
77.5,28.49,9.794305349,18.24,42.49,168.6,4.666135976,0.0
77.07,28.5,9.794305349,18.24,42.49,168.6,4.666135976,0.0
77.08,28.5,24.49,45.58,106.2,421.4,11.67,0.0
77.08,28.5,24.49,45.58,106.2,421.4,11.67,0.0
77.09,28.5,34.28,63.82,148.7,589.9,16.33,0.0
77.47,28.5,19.59,36.47,85.01,337.1,9.332476832,0.0
77.47,28.5,19.59,36.47,85.01,337.1,9.332476832,0.0
77.48,28.5,29.38,54.7,127.4,505.7,13.99,0.0
77.49,28.5,9.794305349,18.24,42.49,168.6,4.666135976,0.0
77.07,28.5,9.794305349,18.24,42.49,168.6,4.666135976,0.0
77.07,28.5,4.896964872,9.114264577,21.24,84.25,2.333067988,0.0
77.08,28.5,4.896964872,9.114264577,21.24,84.25,2.333067988,0.0
77.09,28.5,73.46,136.8,318.6,1264.0,34.99,0.0
77.47,28.5,14.69,27.35,63.73,252.8,6.999203964,0.0
77.47,28.5,24.49,45.58,106.2,421.4,11.67,0.0
77.48,28.5,9.794305349,18.24,42.49,168.6,4.666135976,0.0
77.49,28.5,4.896964872,9.114264577,21.24,84.25,2.333067988,0.0
77.51,28.5,9.794305349,18.24,42.49,168.6,4.666135976,0.0
77.07,28.51,4.896964872,9.114264577,21.24,84.25,2.333067988,0.0
77.08,28.51,9.794305349,18.24,42.49,168.6,4.666135976,0.0
77.09,28.51,4.896964872,9.114264577,21.24,84.25,2.333067988,0.0
77.49,28.51,4.896964872,9.114264577,21.24,84.25,2.333067988,0.0
77.49,28.51,4.896964872,9.114264577,21.24,84.25,2.333067988,0.0
77.07,28.51,4.896964872,9.114264577,21.24,84.25,2.333067988,0.0
77.07,28.51,14.69,27.35,63.73,252.8,6.999203964,0.0
77.08,28.51,4.896964872,9.114264577,21.24,84.25,2.333067988,0.0
77.09,28.51,4.896964872,9.114264577,21.24,84.25,2.333067988,0.0
77.09,28.51,14.69,27.35,63.73,252.8,6.999203964,0.0
77.49,28.51,14.69,27.35,63.73,252.8,6.999203964,0.0
77.49,28.51,9.794305349,18.24,42.49,168.6,4.666135976,0.0
77.08,28.51,24.49,45.58,106.2,421.4,11.67,0.0
77.08,28.51,19.59,36.47,85.01,337.1,9.332476832,0.0
77.08,28.52,9.794305349,18.24,42.49,168.6,4.666135976,0.0
77.39,28.53,4.896964872,9.114264577,21.24,84.25,2.333067988,0.0
77.47,28.53,9.794305349,18.24,42.49,168.6,4.666135976,0.0
77.4,28.53,14.69,27.35,63.73,252.8,6.999203964,0.0
77.4,28.53,4.896964872,9.114264577,21.24,84.25,2.333067988,0.0
77.41,28.53,4.896964872,9.114264577,21.24,84.25,2.333067988,0.0
77.45,28.53,4.896964872,9.114264577,21.24,84.25,2.333067988,0.0
77.39,28.53,4.896964872,9.114264577,21.24,84.25,2.333067988,0.0
77.4,28.53,14.69,27.35,63.73,252.8,6.999203964,0.0
77.41,28.53,4.896964872,9.114264577,21.24,84.25,2.333067988,0.0
77.41,28.53,4.896964872,9.114264577,21.24,84.25,2.333067988,0.0
77.41,28.53,9.794305349,18.24,42.49,168.6,4.666135976,0.0
77.42,28.53,9.794305349,18.24,42.49,168.6,4.666135976,0.0
77.43,28.53,4.896964872,9.114264577,21.24,84.25,2.333067988,0.0
77.39,28.54,4.896964872,9.114264577,21.24,84.25,2.333067988,0.0
77.4,28.54,4.896964872,9.114264577,21.24,84.25,2.333067988,0.0
77.4,28.54,14.69,27.35,63.73,252.8,6.999203964,0.0
77.41,28.54,4.896964872,9.114264577,21.24,84.25,2.333067988,0.0
77.41,28.54,19.59,36.47,85.01,337.1,9.332476832,0.0
77.41,28.54,19.59,36.47,85.01,337.1,9.332476832,0.0
77.42,28.54,4.896964872,9.114264577,21.24,84.25,2.333067988,0.0
77.45,28.54,9.794305349,18.24,42.49,168.6,4.666135976,0.0
77.45,28.54,4.896964872,9.114264577,21.24,84.25,2.333067988,0.0
77.46,28.54,29.38,54.7,127.4,505.7,13.99,0.0
77.47,28.54,9.794305349,18.24,42.49,168.6,4.666135976,0.0
77.33,28.54,4.896964872,9.114264577,21.24,84.25,2.333067988,0.0
77.4,28.54,48.97,91.14,212.4,842.5,23.33,0.0
77.4,28.54,9.794305349,18.24,42.49,168.6,4.666135976,0.0
77.41,28.54,4.896964872,9.114264577,21.24,84.25,2.333067988,0.0
77.41,28.54,14.69,27.35,63.73,252.8,6.999203964,0.0
77.41,28.54,14.69,27.35,63.73,252.8,6.999203964,0.0
77.42,28.54,9.794305349,18.24,42.49,168.6,4.666135976,0.0
77.45,28.54,4.896964872,9.114264577,21.24,84.25,2.333067988,0.0
77.46,28.54,9.794305349,18.24,42.49,168.6,4.666135976,0.0
77.46,28.54,14.69,27.35,63.73,252.8,6.999203964,0.0
77.47,28.54,24.49,45.58,106.2,421.4,11.67,0.0
77.4,28.55,4.896964872,9.114264577,21.24,84.25,2.333067988,0.0
77.41,28.55,14.69,27.35,63.73,252.8,6.999203964,0.0
77.45,28.55,4.896964872,9.114264577,21.24,84.25,2.333067988,0.0
77.46,28.55,9.794305349,18.24,42.49,168.6,4.666135976,0.0
77.46,28.55,24.49,45.58,106.2,421.4,11.67,0.0
77.4,28.55,4.896964872,9.114264577,21.24,84.25,2.333067988,0.0
77.4,28.55,9.794305349,18.24,42.49,168.6,4.666135976,0.0
77.41,28.55,34.28,63.82,148.7,589.9,16.33,0.0
77.4,28.55,4.896964872,9.114264577,21.24,84.25,2.333067988,0.0
77.4,28.55,4.896964872,9.114264577,21.24,84.25,2.333067988,0.0
77.41,28.55,4.896964872,9.114264577,21.24,84.25,2.333067988,0.0
77.41,28.55,4.896964872,9.114264577,21.24,84.25,2.333067988,0.0
77.41,28.56,9.794305349,18.24,42.49,168.6,4.666135976,0.0
77.31,28.57,4.896964872,9.114264577,21.24,84.25,2.333067988,0.0
77.32,28.57,4.896964872,9.114264577,21.24,84.25,2.333067988,0.0
77.32,28.57,9.794305349,18.24,42.49,168.6,4.666135976,0.0
77.35,28.57,9.794305349,18.24,42.49,168.6,4.666135976,0.0
77.36,28.57,4.896964872,9.114264577,21.24,84.25,2.333067988,0.0
77.55,28.57,24.49,45.58,106.2,421.4,11.67,0.0
77.32,28.58,39.18,72.93,169.9,674.3,18.66,0.0
77.31,28.58,9.794305349,18.24,42.49,168.6,4.666135976,0.0
77.32,28.58,4.896964872,9.114264577,21.24,84.25,2.333067988,0.0
77.32,28.58,19.59,36.47,85.01,337.1,9.332476832,0.0
77.33,28.58,9.794305349,18.24,42.49,168.6,4.666135976,0.0
77.31,28.59,9.794305349,18.24,42.49,168.6,4.666135976,0.0
77.31,28.59,9.794305349,18.24,42.49,168.6,4.666135976,0.0
77.32,28.59,14.69,27.35,63.73,252.8,6.999203964,0.0
77.32,28.59,19.59,36.47,85.01,337.1,9.332476832,0.0
77.33,28.59,9.794305349,18.24,42.49,168.6,4.666135976,0.0
77.31,28.59,9.794305349,18.24,42.49,168.6,4.666135976,0.0
77.32,28.59,4.896964872,9.114264577,21.24,84.25,2.333067988,0.0
77.32,28.59,14.69,27.35,63.73,252.8,6.999203964,0.0
77.33,28.59,39.18,72.93,169.9,674.3,18.66,0.0
77.33,28.59,24.49,45.58,106.2,421.4,11.67,0.0
77.31,28.59,9.794305349,18.24,42.49,168.6,4.666135976,0.0
77.32,28.59,9.794305349,18.24,42.49,168.6,4.666135976,0.0
77.32,28.59,14.69,27.35,63.73,252.8,6.999203964,0.0
77.33,28.59,4.896964872,9.114264577,21.24,84.25,2.333067988,0.0
77.32,28.6,4.896964872,9.114264577,21.24,84.25,2.333067988,0.0
77.33,28.6,4.896964872,9.114264577,21.24,84.25,2.333067988,0.0
77.33,28.6,4.896964872,9.114264577,21.24,84.25,2.333067988,0.0
77.37,28.6,9.794305349,18.24,42.49,168.6,4.666135976,0.0
77.37,28.6,4.896964872,9.114264577,21.24,84.25,2.333067988,0.0
77.35,28.6,9.794305349,18.24,42.49,168.6,4.666135976,0.0
77.36,28.6,4.896964872,9.114264577,21.24,84.25,2.333067988,0.0
77.36,28.6,9.794305349,18.24,42.49,168.6,4.666135976,0.0
77.37,28.6,29.38,54.7,127.4,505.7,13.99,0.0
77.37,28.6,4.896964872,9.114264577,21.24,84.25,2.333067988,0.0
77.35,28.61,4.896964872,9.114264577,21.24,84.25,2.333067988,0.0
77.36,28.61,4.896964872,9.114264577,21.24,84.25,2.333067988,0.0
77.37,28.61,9.794305349,18.24,42.49,168.6,4.666135976,0.0
77.37,28.61,9.794305349,18.24,42.49,168.6,4.666135976,0.0
77.37,28.61,9.794305349,18.24,42.49,168.6,4.666135976,0.0
77.37,28.61,4.896964872,9.114264577,21.24,84.25,2.333067988,0.0
77.38,28.61,4.896964872,9.114264577,21.24,84.25,2.333067988,0.0
77.5,28.61,4.896964872,9.114264577,21.24,84.25,2.333067988,0.0
77.38,28.61,4.896964872,9.114264577,21.24,84.25,2.333067988,0.0
77.39,28.61,4.896964872,9.114264577,21.24,84.25,2.333067988,0.0
77.39,28.61,4.896964872,9.114264577,21.24,84.25,2.333067988,0.0
77.49,28.61,9.794305349,18.24,42.49,168.6,4.666135976,0.0
77.38,28.62,4.896964872,9.114264577,21.24,84.25,2.333067988,0.0
77.38,28.62,34.28,63.82,148.7,589.9,16.33,0.0
77.39,28.62,9.794305349,18.24,42.49,168.6,4.666135976,0.0
77.36,28.62,9.794305349,18.24,42.49,168.6,4.666135976,0.0
77.38,28.62,9.794305349,18.24,42.49,168.6,4.666135976,0.0
77.38,28.62,14.69,27.35,63.73,252.8,6.999203964,0.0
77.39,28.62,4.896964872,9.114264577,21.24,84.25,2.333067988,0.0
77.38,28.63,19.59,36.47,85.01,337.1,9.332476832,0.0
77.47,28.63,4.896964872,9.114264577,21.24,84.25,2.333067988,0.0
77.38,28.63,14.69,27.35,63.73,252.8,6.999203964,0.0
77.47,28.63,14.69,27.35,63.73,252.8,6.999203964,0.0
77.44,28.64,4.896964872,9.114264577,21.24,84.25,2.333067988,0.0
77.45,28.64,19.59,36.47,85.01,337.1,9.332476832,0.0
77.45,28.64,24.49,45.58,106.2,421.4,11.67,0.0
77.46,28.64,24.49,45.58,106.2,421.4,11.67,0.0
77.46,28.64,9.794305349,18.24,42.49,168.6,4.666135976,0.0
77.31,28.64,83.25,155.0,361.1,1433.0,39.67,0.0
77.33,28.64,4.896964872,9.114264577,21.24,84.25,2.333067988,0.0
77.45,28.64,19.59,36.47,85.01,337.1,9.332476832,0.0
77.45,28.64,9.794305349,18.24,42.49,168.6,4.666135976,0.0
77.46,28.64,78.35,145.8,339.9,1348.0,37.33,0.0
77.46,28.64,39.18,72.93,169.9,674.3,18.66,0.0
77.47,28.64,4.896964872,9.114264577,21.24,84.25,2.333067988,0.0
77.32,28.65,14.69,27.35,63.73,252.8,6.999203964,0.0
77.33,28.65,19.59,36.47,85.01,337.1,9.332476832,0.0
77.33,28.65,4.896964872,9.114264577,21.24,84.25,2.333067988,0.0
77.45,28.65,24.49,45.58,106.2,421.4,11.67,0.0
77.45,28.65,83.25,155.0,361.1,1433.0,39.67,0.0
77.46,28.65,48.97,91.14,212.4,842.5,23.33,0.0
77.46,28.65,102.8,191.4,446.1,1770.0,49.0,0.0
77.47,28.65,63.66,118.5,276.2,1095.0,30.33,0.0
77.32,28.65,29.38,54.7,127.4,505.7,13.99,0.0
77.33,28.65,73.46,136.8,318.6,1264.0,34.99,0.0
77.33,28.65,14.69,27.35,63.73,252.8,6.999203964,0.0
77.45,28.65,14.69,27.35,63.73,252.8,6.999203964,0.0
77.45,28.65,78.35,145.8,339.9,1348.0,37.33,0.0
77.46,28.65,58.77,109.4,254.9,1011.0,28.0,0.0
77.46,28.65,44.07,82.05,191.2,758.5,21.0,0.0
77.47,28.65,39.18,72.93,169.9,674.3,18.66,0.0
77.47,28.65,4.896964872,9.114264577,21.24,84.25,2.333067988,0.0
77.32,28.65,34.28,63.82,148.7,589.9,16.33,0.0
77.33,28.65,88.12,164.1,382.4,1517.0,41.99,0.0
77.33,28.65,4.896964872,9.114264577,21.24,84.25,2.333067988,0.0
77.34,28.65,19.59,36.47,85.01,337.1,9.332476832,0.0
77.45,28.65,9.794305349,18.24,42.49,168.6,4.666135976,0.0
77.46,28.65,48.97,91.14,212.4,842.5,23.33,0.0
77.46,28.65,78.35,145.8,339.9,1348.0,37.33,0.0
77.47,28.65,39.18,72.93,169.9,674.3,18.66,0.0
77.47,28.65,44.07,82.05,191.2,758.5,21.0,0.0
77.32,28.66,19.59,36.47,85.01,337.1,9.332476832,0.0
77.33,28.66,14.69,27.35,63.73,252.8,6.999203964,0.0
77.33,28.66,9.794305349,18.24,42.49,168.6,4.666135976,0.0
77.34,28.66,29.38,54.7,127.4,505.7,13.99,0.0
77.35,28.66,4.896964872,9.114264577,21.24,84.25,2.333067988,0.0
77.35,28.66,14.69,27.35,63.73,252.8,6.999203964,0.0
77.45,28.66,4.896964872,9.114264577,21.24,84.25,2.333067988,0.0
77.46,28.66,29.38,54.7,127.4,505.7,13.99,0.0
77.46,28.66,68.56,127.6,297.4,1180.0,32.66,0.0
77.47,28.66,48.97,91.14,212.4,842.5,23.33,0.0
77.47,28.66,9.794305349,18.24,42.49,168.6,4.666135976,0.0
77.33,28.66,34.28,63.82,148.7,589.9,16.33,0.0
77.34,28.66,68.56,127.6,297.4,1180.0,32.66,0.0
77.34,28.66,44.07,82.05,191.2,758.5,21.0,0.0
77.35,28.66,39.18,72.93,169.9,674.3,18.66,0.0
77.35,28.66,48.97,91.14,212.4,842.5,23.33,0.0
77.35,28.66,48.97,91.14,212.4,842.5,23.33,0.0
77.36,28.66,9.794305349,18.24,42.49,168.6,4.666135976,0.0
77.36,28.66,4.896964872,9.114264577,21.24,84.25,2.333067988,0.0
77.42,28.66,4.896964872,9.114264577,21.24,84.25,2.333067988,0.0
77.45,28.66,9.794305349,18.24,42.49,168.6,4.666135976,0.0
77.46,28.66,137.1,255.3,594.8,2360.0,65.33,0.0
77.46,28.66,88.12,164.1,382.4,1517.0,41.99,0.0
77.33,28.67,19.59,36.47,85.01,337.1,9.332476832,0.0
77.34,28.67,58.77,109.4,254.9,1011.0,28.0,0.0
77.34,28.67,68.56,127.6,297.4,1180.0,32.66,0.0
77.35,28.67,58.77,109.4,254.9,1011.0,28.0,0.0
77.35,28.67,34.28,63.82,148.7,589.9,16.33,0.0
77.35,28.67,9.794305349,18.24,42.49,168.6,4.666135976,0.0
77.36,28.67,34.28,63.82,148.7,589.9,16.33,0.0
77.36,28.67,19.59,36.47,85.01,337.1,9.332476832,0.0
77.37,28.67,4.896964872,9.114264577,21.24,84.25,2.333067988,0.0
77.37,28.67,9.794305349,18.24,42.49,168.6,4.666135976,0.0
77.35,28.67,78.35,145.8,339.9,1348.0,37.33,0.0
77.35,28.67,9.794305349,18.24,42.49,168.6,4.666135976,0.0
77.35,28.67,48.97,91.14,212.4,842.5,23.33,0.0
77.36,28.67,88.12,164.1,382.4,1517.0,41.99,0.0
77.36,28.67,58.77,109.4,254.9,1011.0,28.0,0.0
77.37,28.67,39.18,72.93,169.9,674.3,18.66,0.0
77.37,28.67,44.07,82.05,191.2,758.5,21.0,0.0
77.37,28.67,34.28,63.82,148.7,589.9,16.33,0.0
77.39,28.67,112.6,209.7,488.5,1939.0,53.66,0.0
77.39,28.67,9.794305349,18.24,42.49,168.6,4.666135976,0.0
77.41,28.67,4.896964872,9.114264577,21.24,84.25,2.333067988,0.0
77.34,28.67,4.896964872,9.114264577,21.24,84.25,2.333067988,0.0
77.35,28.67,19.59,36.47,85.01,337.1,9.332476832,0.0
77.35,28.67,19.59,36.47,85.01,337.1,9.332476832,0.0
77.36,28.67,29.38,54.7,127.4,505.7,13.99,0.0
77.36,28.67,48.97,91.14,212.4,842.5,23.33,0.0
77.37,28.67,34.28,63.82,148.7,589.9,16.33,0.0
77.37,28.67,4.896964872,9.114264577,21.24,84.25,2.333067988,0.0
77.37,28.67,127.3,237.1,552.3,2192.0,60.66,0.0
77.38,28.67,83.25,155.0,361.1,1433.0,39.67,0.0
77.38,28.67,4.896964872,9.114264577,21.24,84.25,2.333067988,0.0
77.39,28.67,102.8,191.4,446.1,1770.0,49.0,0.0
77.39,28.67,63.66,118.5,276.2,1095.0,30.33,0.0
77.41,28.67,9.794305349,18.24,42.49,168.6,4.666135976,0.0
77.41,28.67,4.896964872,9.114264577,21.24,84.25,2.333067988,0.0
77.43,28.67,9.794305349,18.24,42.49,168.6,4.666135976,0.0
77.33,28.68,14.69,27.35,63.73,252.8,6.999203964,0.0
77.36,28.68,4.896964872,9.114264577,21.24,84.25,2.333067988,0.0
77.36,28.68,4.896964872,9.114264577,21.24,84.25,2.333067988,0.0
77.37,28.68,14.69,27.35,63.73,252.8,6.999203964,0.0
77.37,28.68,122.4,227.9,531.0,2107.0,58.33,0.0
77.38,28.68,107.8,200.6,467.4,1854.0,51.32,0.0
77.38,28.68,19.59,36.47,85.01,337.1,9.332476832,0.0
77.39,28.68,24.49,45.58,106.2,421.4,11.67,0.0
77.39,28.68,14.69,27.35,63.73,252.8,6.999203964,0.0
77.43,28.68,44.07,82.05,191.2,758.5,21.0,0.0
77.43,28.68,9.794305349,18.24,42.49,168.6,4.666135976,0.0
77.43,28.68,48.97,91.14,212.4,842.5,23.33,0.0
77.44,28.68,9.794305349,18.24,42.49,168.6,4.666135976,0.0
77.34,28.68,4.896964872,9.114264577,21.24,84.25,2.333067988,0.0
77.35,28.68,4.896964872,9.114264577,21.24,84.25,2.333067988,0.0
77.36,28.68,9.794305349,18.24,42.49,168.6,4.666135976,0.0
77.37,28.68,14.69,27.35,63.73,252.8,6.999203964,0.0
77.38,28.68,39.18,72.93,169.9,674.3,18.66,0.0
77.38,28.68,24.49,45.58,106.2,421.4,11.67,0.0
77.39,28.68,24.49,45.58,106.2,421.4,11.67,0.0
77.43,28.68,48.97,91.14,212.4,842.5,23.33,0.0
77.43,28.68,14.69,27.35,63.73,252.8,6.999203964,0.0
77.43,28.68,151.8,282.6,658.6,2612.0,72.32,0.0
77.44,28.68,102.8,191.4,446.1,1770.0,49.0,0.0
76.95,28.69,14.69,27.35,63.73,252.8,6.999203964,0.0
76.96,28.69,9.794305349,18.24,42.49,168.6,4.666135976,0.0
77.34,28.69,4.896964872,9.114264577,21.24,84.25,2.333067988,0.0
77.37,28.69,19.59,36.47,85.01,337.1,9.332476832,0.0
77.38,28.69,14.69,27.35,63.73,252.8,6.999203964,0.0
77.38,28.69,44.07,82.05,191.2,758.5,21.0,0.0
77.39,28.69,24.49,45.58,106.2,421.4,11.67,0.0
77.41,28.69,4.896964872,9.114264577,21.24,84.25,2.333067988,0.0
77.43,28.69,29.38,54.7,127.4,505.7,13.99,0.0
77.43,28.69,68.56,127.6,297.4,1180.0,32.66,0.0
77.44,28.69,48.97,91.14,212.4,842.5,23.33,0.0
76.94,28.69,4.896964872,9.114264577,21.24,84.25,2.333067988,0.0
76.95,28.69,9.794305349,18.24,42.49,168.6,4.666135976,0.0
76.95,28.69,44.07,82.05,191.2,758.5,21.0,0.0
76.96,28.69,9.794305349,18.24,42.49,168.6,4.666135976,0.0
76.96,28.69,14.69,27.35,63.73,252.8,6.999203964,0.0
77.36,28.69,4.896964872,9.114264577,21.24,84.25,2.333067988,0.0
77.43,28.69,4.896964872,9.114264577,21.24,84.25,2.333067988,0.0
77.44,28.69,102.8,191.4,446.1,1770.0,49.0,0.0
77.45,28.69,4.896964872,9.114264577,21.24,84.25,2.333067988,0.0
76.94,28.69,9.794305349,18.24,42.49,168.6,4.666135976,0.0
76.95,28.69,14.69,27.35,63.73,252.8,6.999203964,0.0
76.96,28.69,9.794305349,18.24,42.49,168.6,4.666135976,0.0
77.34,28.69,4.896964872,9.114264577,21.24,84.25,2.333067988,0.0
77.44,28.69,4.896964872,9.114264577,21.24,84.25,2.333067988,0.0
77.44,28.69,9.794305349,18.24,42.49,168.6,4.666135976,0.0
76.92,28.7,14.69,27.35,63.73,252.8,6.999203964,0.0
76.94,28.7,29.38,54.7,127.4,505.7,13.99,0.0
76.95,28.7,9.794305349,18.24,42.49,168.6,4.666135976,0.0
77.45,28.7,4.896964872,9.114264577,21.24,84.25,2.333067988,0.0
77.45,28.7,4.896964872,9.114264577,21.24,84.25,2.333067988,0.0
77.45,28.7,9.794305349,18.24,42.49,168.6,4.666135976,0.0
77.45,28.71,19.59,36.47,85.01,337.1,9.332476832,0.0
76.89,28.71,14.69,27.35,63.73,252.8,6.999203964,0.0
76.89,28.71,9.794305349,18.24,42.49,168.6,4.666135976,0.0
76.9,28.71,4.896964872,9.114264577,21.24,84.25,2.333067988,0.0
76.88,28.71,14.69,27.35,63.73,252.8,6.999203964,0.0
76.89,28.71,9.794305349,18.24,42.49,168.6,4.666135976,0.0
77.47,28.72,4.896964872,9.114264577,21.24,84.25,2.333067988,0.0
77.31,28.73,9.794305349,18.24,42.49,168.6,4.666135976,0.0
77.06,28.92,4.896964872,9.114264577,21.24,84.25,2.333067988,0.0
77.11,28.92,4.896964872,9.114264577,21.24,84.25,2.333067988,0.0
